0.98
Akodon_aerosus	Akodon	0.71
Akodon_affinis	Akodon	0.71
Akodon_albiventer	Akodon	0.71
Akodon_azarae	Akodon	0.71
Akodon_boliviensis	Akodon	0.71
Akodon_budini	Akodon	0.71
Akodon_cursor	Akodon	0.71
Akodon_dayi	Akodon	0.71
Akodon_dolores	Akodon	0.71
Akodon_fumeus	Akodon	0.71
Akodon_iniscatus	Akodon	0.71
Akodon_juninensis	Akodon	0.71
Akodon_kofordi	Akodon	0.71
Akodon_lindberghi	Akodon	0.71
Akodon_lutescens	Akodon	0.71
Akodon_mimus	Akodon	0.71
Akodon_mollis	Akodon	0.71
Akodon_montensis	Akodon	0.71
Akodon_mystax	Akodon	0.71
Akodon_orophilus	Akodon	0.71
Akodon_paranaensis	Akodon	0.71
Akodon_reigi	Akodon	0.71
Akodon_siberiae	Akodon	0.71
Akodon_simulator	Akodon	0.71
Akodon_spegazzinii	Akodon	0.71
Akodon_subfuscus	Akodon	0.71
Akodon_sylvanus	Akodon	0.71
Akodon_toba	Akodon	0.71
Akodon_torques	Akodon	0.71
Akodon_varius	Akodon	0.71
Blarinomys_breviceps	Blarinomys	1.0
Bibimys_chacoensis	Bibimys	0.67
Bibimys_labiosus	Bibimys	0.67
Brucepattersonius_soricinus	Brucepattersonius	0.25
Castoria_angustidens	Castoria	1.0
Deltamys_kempi	Deltamys	0.50
Juscelinomys_huanchacae	Juscelinomys	0.50
Kunsia_tomentosus	Kunsia	1.0
Lenoxus_apicalis	Lenoxus	1.0
Necromys_amoenus	Necromys	0.75
Necromys_lactens	Necromys	0.75
Necromys_lasiurus	Necromys	0.75
Necromys_lenguarum	Necromys	0.75
Necromys_obscurus	Necromys	0.75
Necromys_urichi	Necromys	0.75
Oxymycterus_amazonicus	Oxymycterus	0.47
Oxymycterus_dasytrichus	Oxymycterus	0.47
Oxymycterus_delator	Oxymycterus	0.47
Oxymycterus_hiska	Oxymycterus	0.47
Oxymycterus_nasutus	Oxymycterus	0.47
Oxymycterus_paramensis	Oxymycterus	0.47
Oxymycterus_quaestor	Oxymycterus	0.47
Oxymycterus_rufus	Oxymycterus	0.47
Podoxymys_roraimae	Podoxymys	1.0
Scapteromys_aquaticus	Scapteromys	0.67
Scapteromys_tumidus	Scapteromys	0.67
Thalpomys_cerradensis	Thalpomys	1.0
Thalpomys_lasiotis	Thalpomys	1.0
Thaptomys_nigrita	Thaptomys	1.0